Name,AtStop,POINT_X,POINT_Y,TWStart,TWEnd
503514740Delivery,1.5,-84.94334629,32.42945755,10/1/2022 8:00,10/1/2022 10:30
503514743Delivery,1.5,-84.94688699,32.49284015,10/1/2022 8:00,10/1/2022 10:30
503514767Delivery,1.5,-84.89641181,32.48739154,10/1/2022 8:00,10/1/2022 10:30
503563486Delivery,1.5,-85.02857212,32.51991291,10/1/2022 8:00,10/1/2022 10:30
503578650Delivery,1.5,-85.00242464,32.22848404,10/1/2022 8:00,10/1/2022 10:30
503591704Delivery,1.5,-84.86948126,32.48995214,10/1/2022 8:00,10/1/2022 10:30